Feed_Temp_K,Feed_Pres_Pa,zF_Benzene,Feed_Flow_kmolh,N_Stages,Feed_Stage_Ratio,Reflux_Ratio,Bottoms_Ratio,Feed_Stage,Bottoms_Flow_kmolh,Distillate_Flow_kmolh
365.4226043951444,142089.83733991493,0.5889131216640708,96.66421055767525,25,0.47181462658901796,3.9734331617880576,0.3795283614168338,12,36.687,59.97721055767525
353.08718863673244,106169.86633515632,0.513303361580614,111.44585880089211,17,0.4815063430320375,4.113339514807036,0.5982636567669292,8,66.674,44.771858800892105
355.44454152129845,177686.85566450784,0.6721378950624058,80.50946684807023,27,0.41578728441912205,2.4661758118536308,0.3800641273272067,11,30.599,49.91046684807023
359.8221616502926,110759.38805100542,0.6644266231970183,98.95649569873703,21,0.5175901706280546,3.067531427064553,0.6380194941605395,11,63.136,35.82049569873703
360.6674174641862,116447.83977701401,0.39002435535097935,100.94484229127326,25,0.40731457704426444,3.718638543905695,0.4713981116031905,10,47.585,53.35984229127326
358.3562848081128,187599.970958008,0.4618397879183982,115.73501066868944,18,0.6171171413855019,3.765675129725819,0.5598270031376418,11,64.792,50.94301066868944
349.3317504496025,148464.0698473597,0.5054400734380199,80.71941101841992,19,0.49660108948604476,3.5237690077282418,0.5937315625813868,9,47.926,32.79341101841992
362.65410842244614,196532.8089249787,0.43908816240149784,116.71083759411712,24,0.5717173422763141,3.290608583361113,0.5649410006855504,14,65.935,50.77583759411712
340.43652816799994,177392.85110528013,0.4259526342714036,111.415683992155,24,0.6479379695664607,2.2847124919630826,0.42115488281376523,16,46.923,64.492683992155
337.6146596926732,195612.13204246448,0.42715335780664876,119.65748928863823,19,0.6424028500911638,4.4006578070859526,0.6045296610745361,12,72.337,47.32048928863823
353.4335686459673,152358.4495528948,0.6801487836922672,83.82664216640738,25,0.4459459712835346,4.093665843896421,0.5675228736618492,11,47.574,36.252642166407384
354.38387282209663,116027.36881363335,0.5366781503178294,99.38429436999378,20,0.3773713872643421,3.400190927465113,0.5800218304441287,8,57.645,41.73929436999378
329.66381873894466,179655.65228842298,0.3471055952783036,97.44304818683604,17,0.3807801757197135,3.394404780231243,0.5228184941735914,6,50.945,46.49804818683604
340.2221249096034,124470.82172116947,0.6380405107982849,91.41822067505238,17,0.44905843856207367,4.4912653422609985,0.5934785819811228,8,54.255,37.16322067505238
327.96940433758493,103578.89101806932,0.4526585817736486,116.89147085727261,18,0.39516832222642945,3.4174074417613496,0.5866236146955786,7,68.571,48.32047085727261
353.6415902031087,139482.65277318316,0.3207324445430881,85.48673540782634,28,0.6221036055084533,4.102020832726003,0.5473132854866803,17,46.788,38.69873540782635
353.28965970322776,117589.07834368073,0.5206635256251705,89.76599039052985,18,0.5507918781172791,2.9604545070511117,0.47658631767738213,10,42.781,46.98499039052985
343.30414407867585,173065.2174167193,0.6921738118181997,84.5533816000062,24,0.37670557580338726,2.46037304127015,0.42045696316857434,9,35.551,49.0023816000062
354.6526510598943,189882.46235288883,0.5629347448021259,104.51834620780228,18,0.5959870327520718,3.1930422484548338,0.38246230353689614,11,39.974,64.54434620780228
368.18597509110015,185286.76096707257,0.5775131394070916,83.06622079255682,17,0.40480434641918484,2.7496380323142784,0.5475388115048494,7,45.482,37.58422079255682
323.9892259054044,154034.02506236208,0.6414158288072841,102.23700699550591,25,0.4313774466296825,3.655021261541205,0.5193150491167614,11,53.093,49.144006995505904
364.7682861107177,161131.345304383,0.5853672657294879,111.07879542966145,22,0.6464383738579706,3.809012353094508,0.44417305362836457,14,49.338,61.74079542966145
327.6564902939997,104484.10468243358,0.544086658186996,86.58011135844345,20,0.5204639320161812,2.4208868498376814,0.4080104425689015,10,35.326,51.254111358443446
339.4227987567889,163359.67114971383,0.351701073816901,80.07244266655508,21,0.5910425236904463,3.3543791210967973,0.42545541765499656,12,34.067,46.005442666555076
322.98772420675886,194112.82991415614,0.5702773725467004,113.02565853534739,27,0.5396752627754975,2.3568213920057124,0.6114138057962599,15,69.105,43.920658535347386
335.8222595161759,158956.76005481687,0.4651994070510381,101.0284881997959,26,0.5940622063820007,3.413209066693281,0.6489934047958323,15,65.567,35.46148819979591
326.68781674953715,113460.77578799467,0.3370445900514857,91.63351067126233,22,0.5925175252842907,4.471707557222305,0.36575660959765066,13,33.516,58.11751067126233
350.7868942248443,176885.6271868496,0.42405794995919477,107.168193744494,17,0.4601068495727891,3.4700228147234187,0.4064266260457718,8,43.556,63.61219374449401
358.8713553773118,124232.43905647527,0.309580112406891,87.47558415661385,19,0.5575364615577496,3.0111579624176166,0.4409485314084102,11,38.572,48.903584156613846
331.1033768087857,143637.6210021192,0.6736535814227198,85.77565112675096,27,0.6417291419304487,1.9618929792961382,0.36373451360194053,17,31.2,54.575651126750955
325.3170571385117,192935.49814761902,0.4230138874064268,84.03753843275207,17,0.4916793566277344,2.9423813570559676,0.6137524570584358,8,51.578,32.45953843275207
320.7625815956593,119199.80217025419,0.545078455179536,90.2506007494598,22,0.5376512962622292,2.308580025822015,0.39155239143185394,12,35.338,54.912600749459806
321.21834312365763,189124.97337094077,0.3495467529144358,81.79244530689948,23,0.6345052014857262,1.6661379919564556,0.4729136768402173,15,38.681,43.11144530689948
344.2079029527513,113922.73231451819,0.6517722239341296,93.10771092838463,26,0.6271873111901982,3.7556676275450145,0.4380952151174385,16,40.79,52.317710928384635
336.2946618067373,158242.4877678905,0.5930554283785603,117.32850956345344,25,0.45769728425778666,2.7547499703465927,0.45688932102390667,11,53.606,63.722509563453436
353.99565249379873,111551.38128886613,0.4774106041031164,119.74004899393341,25,0.6017502425445781,2.2977044752804345,0.4151758315169243,15,49.713,70.02704899393342
355.5476247051282,145511.33504996196,0.39853323315696915,116.47584305068278,20,0.5551405321150521,3.582938550290413,0.3548584081136434,11,41.332,75.14384305068279
360.10204293194136,167476.32019252802,0.4625764179673829,117.14860133792035,25,0.6451192686749521,2.456783591784314,0.36709146627788575,16,43.004,74.14460133792036
351.61424278558775,144453.31654520013,0.37249192840311973,109.94883493830102,20,0.48071613895342763,1.6591327363558575,0.6485498663788432,10,71.307,38.64183493830102
357.0767430059471,194796.3715442738,0.671706886040139,101.573800354847,25,0.3717885539927264,4.3302187411525725,0.4580306852439708,9,46.524,55.049800354846994
369.90836519804617,126688.24232697499,0.5085373110359962,98.1171652168136,19,0.4996084475956639,4.333173649032318,0.6064803666343606,9,59.506,38.6111652168136
350.83670823707325,116266.73248954109,0.4802120854701517,110.86380763254994,26,0.5912835685590044,3.3772073829761906,0.46543137215567487,15,51.599,59.26480763254994
327.090490425177,158413.28002076063,0.5375324054249411,114.08512481418396,21,0.5162246718524546,2.1251946949434894,0.6238437907973202,11,71.171,42.91412481418395
337.121737589537,106693.88408652668,0.617643178349746,89.17972933169287,24,0.3793429704814613,3.176303005799855,0.5706972252175444,9,50.895,38.284729331692866
333.84350493885273,157851.48083805543,0.391627211877615,89.07818945795896,23,0.42572045317009277,4.389047080706547,0.3856402439350864,10,34.352,54.72618945795896
336.306876376431,140376.6705763093,0.4063063171472799,81.19298327904714,17,0.5711488350195257,2.809354071503149,0.5793972611520148,10,47.043,34.14998327904714
351.9666362241672,176930.1073618782,0.3049899742823435,106.21835720472718,23,0.3600113360118774,4.46305433010825,0.45431132997647466,8,48.256,57.962357204727184
345.20638725366246,163009.12963825883,0.44449334414177805,114.3416251433058,26,0.5792383160078969,3.3493181910365437,0.5435123782615252,15,62.146,52.195625143305804
342.76236405265195,163690.2382646092,0.45302579181119706,107.76390442719969,22,0.44008967979248553,1.5081775566960527,0.48972684699299895,10,52.775,54.98890442719969
361.3411742000031,160591.94888234645,0.5383901578512891,91.00365456305266,18,0.6006227845847936,2.6072487115092087,0.41093461152375926,11,37.397,53.606654563052665
363.5698072608557,192319.44549192,0.5353749647716547,99.99115292712031,25,0.6428724799854153,2.680296549372816,0.5534978620522034,16,55.345,44.64615292712031
334.88935804681284,154609.6766814409,0.39546745221111473,96.2679899987553,24,0.479061779960662,2.4298260029807732,0.5178555031651753,11,49.853,46.414989998755296
335.28569781248336,109263.05484690439,0.6438414366182297,110.32714894182953,18,0.43757830237370315,3.347967420995228,0.6121690052497915,8,67.539,42.78814894182953
357.2394074822352,137676.57756462687,0.663809157743498,84.65204729256615,24,0.570319421687815,3.0904332274189663,0.37413673496053734,14,31.671,52.98104729256615
337.83018792160215,129578.02460384836,0.5583678789603623,102.62385743114248,19,0.4960972814058842,3.985528871230027,0.48282199289325417,9,49.549,53.07485743114248
334.2148868900238,168788.06871594174,0.32181230312645187,81.9045566807305,21,0.5091740571816312,2.004118771290608,0.49903307383641377,11,40.873,41.031556680730496
340.99454996850085,149554.1214247848,0.45756611955873583,102.96926834309065,26,0.6258961232921465,3.3294496739650548,0.4320898800626718,16,44.492,58.47726834309065
336.80199728204457,110509.95305721082,0.5249727352413268,94.82908733263137,19,0.460912921847201,3.0303238532786514,0.6132191944204912,9,58.151,36.67808733263137
358.0421982784192,117764.29921733536,0.30028061347580376,108.48475244722437,26,0.5200949883569319,1.7915757936555554,0.4601154987623104,14,49.916,58.56875244722437
361.5880782473802,136229.4864287416,0.5557775395633751,81.57562363169913,27,0.515233407471778,4.13619222529549,0.5813529134620486,14,47.424,34.15162363169913
369.2591216890571,173709.50101025635,0.5875293550012728,99.25463672709462,17,0.6275489599735059,2.547155203949459,0.6018646442790775,11,59.738,39.51663672709462
333.44275420668777,173246.09491544976,0.6994383982551117,102.90816412142391,24,0.5472102715089056,1.8552754066680843,0.5842705133698403,13,60.126,42.78216412142391
320.55685818048204,188627.50643688627,0.43571147413243977,92.91898086043146,22,0.6164681582679659,2.2444736568162287,0.5338978202448901,14,49.609,43.30998086043146
320.64797248852597,172410.49557443574,0.32934843944660463,97.6130094110124,18,0.4099304859653988,1.9495676451175623,0.3710948040733763,7,36.224,61.3890094110124
359.69444320830934,123372.82133307902,0.6093326959675988,113.98616044438467,20,0.612954384459965,4.02591190293864,0.37590369594528755,12,42.848,71.13816044438467
367.3143451976425,129077.88417853064,0.43667710968075146,92.27193276736439,24,0.44458104838335305,4.4342494249145945,0.5738027213164498,11,52.946,39.32593276736439
347.62278951086455,106986.78174601714,0.4370498679606671,105.78356749076129,18,0.5662154668192483,3.101935634130146,0.5778745654048387,10,61.13,44.65356749076128
345.8474911697033,136618.33368010464,0.5838672745056988,86.01309565675598,16,0.6472664183431829,1.7469655816147096,0.6218058070014043,10,53.483,32.53009565675598
364.68584041114315,110314.63872822425,0.44128594182732644,85.5935960573083,20,0.5285397325836064,4.125184038394858,0.49450959621571206,11,42.327,43.266596057308305
368.58190733477693,104303.58310016747,0.6943642807288205,89.3413718172045,21,0.46970588147455905,1.9704813289619112,0.4127040260144896,10,36.872,52.469371817204504
341.0915884665443,174099.0622279421,0.44012512929218994,97.54899290396173,16,0.5391978780467892,1.7414225818857627,0.36916513491096714,9,36.012,61.53699290396173
323.06333916150675,157068.5742606511,0.35892923481336214,113.61244169013702,19,0.39333882344632437,4.338887906898713,0.5266971251102579,7,59.839,53.77344169013702
338.90904477561287,159427.38109033502,0.393719780560933,87.57275273635268,18,0.41868115337539724,1.8653701217046237,0.36776086849597905,8,32.206,55.36675273635268
338.70826623274485,112844.15525736402,0.6254579947340504,88.69289154915123,22,0.44658510612092084,3.9304352372489757,0.5789310756030459,10,51.347,37.345891549151226
345.56924649275794,135151.0905262461,0.6455941484349655,101.81775823147194,19,0.3922197381361584,1.812109164314745,0.44022778537420515,7,44.823,56.99475823147194
337.25224941263724,175378.33128365566,0.33927733770242874,107.94234432426254,25,0.5325307968975571,2.0827991913704285,0.3793315375572898,13,40.946,66.99634432426254
351.02675864970064,180967.54849514825,0.5411575169580709,80.18767180724141,22,0.5768092531511411,3.9942706305270725,0.3615597479015372,13,28.993,51.19467180724142
355.22500164620647,152172.91963381987,0.3807009041801086,97.99672424317714,20,0.6227061801549099,2.6100867589830306,0.3527210159262838,12,34.566,63.43072424317714
348.4022083020926,194590.325475967,0.430565054279552,81.03321445821506,20,0.5889187641278085,1.5304517899966807,0.5499064501456296,12,44.561,36.472214458215056
344.7963029272799,104014.34719294311,0.6119610412221489,109.83125741671084,19,0.489972045082213,1.5553576759034902,0.5084807260711666,9,55.847,53.98425741671084
333.52605685315234,138071.39799129777,0.6279608290321413,95.0212371879647,17,0.5276851248172251,2.117972999250362,0.4228912223947302,9,40.184,54.8372371879647
359.23227126006356,130921.65700149047,0.3740789155539573,112.7283492094893,24,0.35705740498198363,1.7048833132222085,0.39359118114595426,9,44.369,68.3593492094893
336.5146655328856,126132.1034704517,0.5331277437992934,92.44824479458018,17,0.6020680654626969,3.220874437908363,0.6043491130452585,10,55.871,36.577244794580174
334.16580730614544,193740.52391421294,0.697754054715219,93.12010053039467,21,0.5657552348293212,4.3671790723318225,0.5782550768422262,12,53.847,39.273100530394665
324.3002419962737,185849.8311326527,0.4099238297276693,80.92861047256626,27,0.5357018500423218,2.3211937985201216,0.4775807729220805,14,38.65,42.278610472566264
366.49328333311524,125756.53943691212,0.3911858649752,103.48373760668,20,0.36179402452257264,3.969477709370968,0.5576244744362933,7,57.705,45.77873760668
330.12480368784253,199103.8619426989,0.3885723672999105,92.16824025609816,20,0.61860479436169,3.2765456111134625,0.35868227476682896,12,33.059,59.10924025609816
366.5257682050582,178372.2665148718,0.49787724863279237,112.85604933667881,24,0.6192065045916988,3.9230673506154994,0.4466754113808255,15,50.41,62.44604933667881
320.97167530667497,160221.84006801233,0.3409664204598869,96.49729407124994,22,0.511114245614848,2.85603178950639,0.5457952415138125,11,52.668,43.82929407124994
355.8185361556882,134301.68097417458,0.6841699281310165,102.54518565240372,25,0.46153886350561124,2.822082467240616,0.5726267903430874,12,58.72,43.82518565240372
354.14872679357,178206.05287853256,0.45437132579886547,88.48321803821366,21,0.534175352544017,3.5445236003309706,0.5239606817396489,11,46.362,42.12121803821366
349.95448821575883,137140.85007242192,0.6365499440407771,88.23592316139401,27,0.42536929737320606,4.295636829295041,0.5043810861646341,11,44.505,43.73092316139401
368.9792979458475,183757.68617590057,0.3796846993782575,114.84667122935447,20,0.4813327577774008,2.136823412617555,0.45079926016249283,10,51.773,63.07367122935447
332.6491832644187,104188.6467790158,0.4029335246711915,110.12549383838828,24,0.466495277776271,4.258437908739508,0.3750065057354193,11,41.298,68.82749383838828
358.77575171469715,111295.14895790124,0.6962533933138729,96.22173976996292,19,0.39084176922944647,2.279708584260918,0.6419235382368562,7,61.767,34.45473976996292
350.5288441958403,183195.55790081914,0.5231621007839956,88.94894357026891,28,0.5935944441309073,2.542870068151132,0.489181229892259,17,43.512,45.43694357026891
345.68893705324376,137317.6635382839,0.45580668887300874,115.55446303596554,18,0.5066903388001461,1.6259715516425288,0.4634879783243946,9,53.558,61.99646303596554
361.6380880913573,189310.9825730172,0.5561816500894918,96.33156067665675,18,0.6332487237914584,2.403273255418208,0.4240379453274,11,40.848,55.48356067665675
324.90153504663823,185719.45085488056,0.3753494725233439,119.01452807057373,28,0.43783955964868243,3.1487018658286474,0.5873515843437265,12,69.903,49.111528070573726
338.8682364365636,135056.4353086256,0.4151761321839202,103.89228170756743,23,0.3817007073454509,2.5276489000748947,0.39397514525858984,9,40.931,62.96128170756744
332.1261419613543,194016.9098216775,0.36168798443430583,93.95249355615772,24,0.4573137688031267,4.4118414274384214,0.42369623363813474,11,39.807,54.14549355615772
353.5492707298418,122837.77330717546,0.6391967939162133,98.87867361584819,21,0.43844921669951953,3.059238540146889,0.6140616186801475,9,60.718,38.16067361584818
331.0119619699872,122730.33084847247,0.47630256637611135,96.93814502467993,18,0.4012432594346655,2.9262314688407836,0.3844018273720038,7,37.263,59.67514502467993
330.8163754823157,125990.1660166585,0.4139234289802514,102.70149755682505,20,0.3906478012960629,3.1343353792005875,0.5446678754959462,8,55.938,46.763497556825044
365.2603833499941,178749.82154230357,0.6914193842922276,117.47464497637445,21,0.47000994975440424,3.429484365672595,0.6028912501688687,10,70.824,46.65064497637445
353.8987530122059,143992.85376441214,0.3235838159463632,106.68736308557115,17,0.4928662061469948,1.7736299565597566,0.4359904510410745,8,46.515,60.17236308557115
338.0850625843632,180272.5881806101,0.5518572465905425,91.82403664056804,20,0.5696524503535149,3.42472711555486,0.5027181194670951,11,46.162,45.66203664056804
321.52665050954374,190353.85452243243,0.35569675784397015,114.43863844105203,18,0.5529613184140083,3.4813022392198434,0.3910580397088151,10,44.752,69.68663844105203
363.2895384903195,151273.50087104522,0.6017075419685431,88.33615220513454,24,0.6498773615797512,4.417538397809354,0.6091861159432508,16,53.813,34.52315220513454
351.70207753662925,197754.72049733181,0.4394245499730473,100.48899431292097,18,0.5880085205068402,4.18434755322661,0.4708514063757512,11,47.315,53.17399431292097
355.0590860022375,125480.28975192951,0.3624516949043468,116.04258877946987,25,0.3563736764102702,1.5756353581044413,0.49992133478418427,9,58.012,58.030588779469866
368.48371284994454,155066.45167481573,0.4021284177966329,100.16360812865153,22,0.628940645296937,3.4994789726219984,0.40287137836884923,14,40.353,59.81060812865153
342.87218866431283,131874.36791314028,0.5670513870921031,83.87823901589068,19,0.5688443360960873,4.121728961298063,0.6095111051958042,11,51.125,32.753239015890685
337.5040667652364,119352.42533573146,0.4196035947546971,118.79114463407763,26,0.6042231356302552,3.2114111786843567,0.5216739735216412,16,61.97,56.821144634077626
362.4098358146434,127575.59538516171,0.5680141066535163,98.32376006937857,21,0.3763173238784433,1.6721732008411438,0.5722682610475613,8,56.268,42.055760069378564
329.89030221112944,173782.88197037776,0.5019065950567381,102.43661084781581,27,0.48724804671535993,4.277038127850107,0.4784888401053231,13,49.015,53.42161084781581
361.7415772139939,121704.322207479,0.40376317370967196,99.89029978903294,22,0.5583439910169535,2.3833658820739525,0.5322759118834915,12,53.169,46.72129978903294
339.3058461143262,157743.2886691555,0.6288831023340611,103.19196834834801,22,0.4238921128783592,1.7989230475659235,0.464351859241214,9,47.917,55.27496834834801
333.3550140700056,166007.39814167388,0.3610318038389312,80.73189322804782,23,0.48539640671255807,3.842814897634273,0.3810509561576806,11,30.763,49.96889322804782
336.675520349845,162076.97651069617,0.6312479847913539,105.68896089371155,21,0.44808940308722733,4.323056352506929,0.5590821526002905,9,59.089,46.599960893711554
365.9463431986423,161825.68897523492,0.36389459613368635,106.46994689177052,27,0.3677107815442482,3.366280766850569,0.491501853873374,10,52.33,54.13994689177052
348.344558344796,187920.65700005108,0.6613974523150987,113.19759563369911,21,0.37764989095542245,2.770070802051106,0.5368351224728513,8,60.768,52.42959563369911
362.3534985868011,149202.02094675085,0.6403744911269231,89.74502088443077,25,0.5415090152787777,4.351550312203611,0.5519187444217917,14,49.532,40.213020884430776
364.18471228778736,151072.8565928697,0.3109268903460946,101.11599146482425,24,0.6453233257817025,4.454263747530071,0.5559494968491531,15,56.215,44.900991464824244
328.5206364616138,138582.32075750327,0.6424609733471254,110.52496083176638,18,0.546798614736448,3.774039789009533,0.4632314621684215,10,51.199,59.32596083176638
345.393793689346,146230.36198610277,0.4134967759542544,103.34781386318738,16,0.5099642435650579,3.33646888529907,0.39060850610323516,8,40.369,62.97881386318738
342.6273819871616,145637.75202745892,0.3170720389590966,106.03202437146273,23,0.6374299633432254,3.22594371814347,0.5334936586992505,15,56.567,49.465024371462725
351.332190593912,196083.39040777588,0.683167797008048,107.56402938492619,21,0.43055022882864624,2.100049153701014,0.5680811517130417,9,61.105,46.45902938492619
328.0340004281199,149813.40551651744,0.4376419715202672,95.17069316091548,27,0.6077581158775285,4.478629086419621,0.6375681304789871,16,60.678,34.49269316091548
327.44910658482485,156009.2865133844,0.4868645592096577,108.18823425614853,22,0.37375510599906137,2.7873596993505987,0.48372451578901265,8,52.333,55.855234256148535
328.1908276320941,182896.17086366698,0.4514755858093255,114.9869672228632,27,0.4788040718943969,2.4948131409164445,0.4803331091464736,13,55.232,59.7549672228632
334.7139369598604,182189.8176275544,0.5522657206729216,88.14965097572333,16,0.3517168073022599,1.9542988754004047,0.4983951580715904,6,43.933,44.21665097572333
331.8089673089815,171738.98220279618,0.44916633677203943,104.74388871190052,24,0.3574339637102677,3.0404693584138354,0.6262247131058516,9,65.593,39.15088871190052
335.9679508838322,168823.411062097,0.6820802590918691,105.22516578233912,26,0.42355996313231914,3.312749354320065,0.35983386353334,11,37.864,67.36116578233913
333.25560571136043,179882.94273448637,0.3705168124990822,116.21422274609417,20,0.4619061054463445,2.8042067849993106,0.5975995332398247,9,69.45,46.76422274609416
354.4755794999234,128379.18421331231,0.6344609004004012,107.61253416913904,26,0.47135300508453215,2.359411996628628,0.5421424459448224,12,58.341,49.27153416913904
327.35193923690576,154322.0691594126,0.3574078189790808,87.06841446445125,26,0.4356453149541786,3.182484231755424,0.554354010567065,11,48.267,38.80141446445125
346.7781143391205,156619.30134509382,0.3593115440645645,118.22658403842578,22,0.5129983220188824,3.601214934985916,0.37829649568025936,11,44.725,73.50158403842579
331.6861670929884,107684.73480990152,0.6271074366661524,112.28879499278747,18,0.4410844455060614,2.483076218504534,0.4133463198004719,8,46.414,65.87479499278747
359.338033147403,181857.04203059076,0.3272153430835736,83.51442874907269,26,0.5433255572156624,1.540376207086375,0.6182690905642962,14,51.634,31.880428749072692
358.2336546742771,155574.17742825017,0.3401339765720608,107.90589148959936,16,0.5746686890428645,2.312995403105518,0.6021883022506309,9,64.98,42.92589148959935
329.03473132651305,165465.32051020904,0.5784004624726207,94.75868324778915,17,0.4887632940206188,1.8361400155307006,0.41880900416742256,8,39.686,55.07268324778915
334.35387911141623,105385.52027388767,0.38795886467635443,116.74621884550213,17,0.6483275216752211,2.587007279548308,0.5379072615280414,11,62.799,53.94721884550213
366.958333400196,182767.09295960976,0.48980094337626634,100.57588884529258,28,0.3644641813882782,1.6851365478235287,0.4100725587322046,10,41.243,59.33288884529258
332.0903904767028,103465.55173822252,0.6675729279893807,99.11459852158501,25,0.5299996887535006,3.8733821000418343,0.5109352256712246,13,50.641,48.47359852158501
352.796516164972,141455.67696136396,0.556941498146067,90.22655993211377,17,0.6116835194158277,3.1090612523402994,0.5290766349402415,10,47.737,42.48955993211377
334.5180800120706,106043.09458812028,0.660484414785649,91.70097619551149,22,0.48334860265133983,3.830974928373655,0.5403498404072311,11,49.551,42.149976195511485
327.5535320362143,171508.99407845724,0.619024648626817,107.5033296526852,18,0.48492865379117966,3.437484105899334,0.4446942251809867,9,47.806,59.6973296526852
369.0824653488546,192535.60971063905,0.5292811947012206,86.72076892341116,26,0.5008078761045838,1.5033076229567925,0.48116424909398176,13,41.727,44.99376892341116
340.61249158009457,194873.71619929577,0.33530171283298066,112.38461594567718,17,0.45640635567254295,2.692265498510171,0.3681591649215316,8,41.375,71.00961594567718
331.44335793491905,108518.22815453842,0.6153371624601289,95.38315737826059,23,0.4747703245177124,3.0203906492852637,0.6467082847546266,11,61.685,33.69815737826059
323.1739815344657,123542.92822116843,0.3521936717450137,106.89387108122736,22,0.5903687783114857,3.2443758194310295,0.4288868489175384,13,45.845,61.04887108122736
352.56852503814355,186468.87582470372,0.3842586780939923,89.67471366312645,23,0.5334726337166955,2.5986329310136873,0.5914122255420629,12,53.035,36.63971366312646
354.7828039648063,132133.25640713412,0.40922403524777007,115.6419126594657,21,0.6157643079846901,1.9187089303522278,0.5062485372049071,13,58.544,57.097912659465706
342.3804513490418,169473.9953447326,0.5190287261685306,110.9520674423521,28,0.3875463595794367,3.8629431702049613,0.484319184785046,11,53.736,57.216067442352106
362.5139718113781,135403.31961187007,0.5861113930507853,108.8755783672399,19,0.40324111569360704,3.962337089595949,0.38347676582139656,8,41.751,67.1245783672399
333.91116345469374,123047.38029236153,0.6447201351542585,83.03140776349692,27,0.5650282584462138,3.6232681862147427,0.5462885706092419,15,45.359,37.67240776349691
363.8245728485062,104715.51072182672,0.6467791515784912,92.64026582307847,23,0.6095592410214883,3.9100563799863743,0.4562308127007724,14,42.265,50.375265823078465
329.3423139041502,139254.44821296947,0.6734637270450732,112.40170926848796,18,0.6281037967542377,4.218174691628725,0.6233715605832697,11,70.068,42.333709268487965
348.7602474975445,117194.94905410145,0.4462975579115617,113.49431314988706,26,0.40933802991253576,2.934803132362014,0.6310464013003236,11,71.62,41.87431314988706
368.6641327208472,135780.59909837667,0.6780547847970501,90.02934806542842,27,0.5522403322282058,3.201651048122816,0.3720024425242413,15,33.491,56.53834806542842
367.4548953499815,110883.06817962494,0.3732305456708402,116.98729972721466,24,0.3822075706719835,2.205925615165424,0.6335728443274642,9,74.12,42.86729972721466
322.79053602317504,116685.52753949311,0.6554215089582837,95.64887226307823,28,0.3724623965536551,4.285466762745159,0.6306455465825929,10,60.321,35.327872263078234
350.0173210118076,120087.556915953,0.4275220843767409,117.54648418728067,20,0.39683268806538685,3.2556450915944106,0.5126456597596727,8,60.26,57.28648418728067
328.34210224752496,103889.63848004826,0.5823691664005413,83.54556649554641,19,0.39798408053767637,2.5215392402326655,0.6122887127977585,8,51.154,32.39156649554641
340.7503582517561,163990.38276914548,0.48879562151293227,92.33706802300051,27,0.6056727418281305,3.8977616364746517,0.5158609532536216,16,47.633,44.70406802300051
325.17296582118007,195823.95789651136,0.32578007367729495,108.2802727616923,19,0.41782075042791095,2.790218520526667,0.3608866147269785,8,39.077,69.2032727616923
342.9812390707235,164557.07028377958,0.6296974820602755,107.73004288508409,23,0.43471342225865606,4.173109418691826,0.4024613643917845,10,43.357,64.37304288508409
351.5017855703682,194354.366824192,0.610860016491467,114.05040125057222,23,0.4861289605500928,1.9992314966494944,0.4340973698850878,11,49.509,64.54140125057222
361.07156028654265,114684.8457373568,0.6489005325949321,116.39808237155776,28,0.5237217945711911,3.6498592393825295,0.3925019649799103,15,45.686,70.71208237155776
338.2331669259205,103026.8015435459,0.5995050281774643,114.95679239921017,19,0.39468664946361054,2.9327140415828703,0.6061162258074926,7,69.677,45.279792399210166
357.6811525696988,192038.0837582442,0.404722551880556,86.48421441634163,20,0.612314618238496,3.816153497261347,0.3643515588319983,12,31.511,54.973214416341634
338.1348330532065,143188.57741673163,0.6210926124528267,119.3256779102914,26,0.6139784606683956,4.028792395492264,0.4514038742019279,16,53.864,65.4616779102914
364.3041292474028,139800.277212188,0.6026353623970964,99.01585881066424,21,0.5815729311525745,4.188384755387933,0.5612975145537273,12,55.577,43.43885881066424
325.48824956177475,184989.59366703045,0.3033322338685384,105.50753938632204,25,0.4910505530852728,2.042595311318704,0.4691616600191163,12,49.5,56.00753938632204
350.3554983945146,182620.7438263616,0.6848249981429106,113.41514766519352,25,0.5604283716188958,4.482213760830651,0.4303434283679072,14,48.807,64.60814766519351
363.1132696959499,179138.5570074399,0.5297359846566727,82.00192819677056,17,0.6404339705892332,3.065238388459254,0.6363225268608999,11,52.18,29.821928196770564
338.4454324305919,132596.391144311,0.5312808627389436,94.48225569450827,22,0.5567102369663169,1.515261576852589,0.37736819512566605,12,35.655,58.82725569450827
345.16384009704274,153150.78612479358,0.531128197411799,114.23380511317916,25,0.6197323562642478,4.314415893068732,0.5134326673948436,15,58.651,55.582805113179155
329.19648240178157,172931.962768591,0.41263534416558956,110.00194111804882,23,0.5872905465942272,2.6943829384101585,0.5876136843620514,14,64.639,45.36294111804882
367.67636395646167,121050.30663300594,0.5094771185339697,115.35493372170379,16,0.49845885817117774,3.2825253072222265,0.4972776686697834,8,57.363,57.99193372170379
344.03740104433007,106416.26149789485,0.4961595331034609,90.35057688731955,25,0.3578306941357965,3.1899125953454606,0.3625456525648787,9,32.756,57.59457688731955
339.1774071042083,191822.24196701386,0.4784434450785404,91.88973521421013,18,0.4042757139846975,2.866903147377414,0.3978075595286279,7,36.554,55.33573521421013
340.13468081149773,115006.71238255894,0.6220521922025528,82.94170835178703,19,0.35589867617503235,4.014379981848809,0.4752872578525781,7,39.421,43.52070835178703
329.4892687637167,148788.13922593818,0.5867843603215122,119.15934456681774,18,0.4292031110643022,1.6290823163239765,0.5213132320515561,8,62.119,57.04034456681774
359.15782339372856,112166.06193730967,0.46832563469508026,83.18176257822215,26,0.4165694999228309,3.6241116773924817,0.5171185969525924,11,43.015,40.16676257822215
340.0103244628409,170303.64800246246,0.3455517353451406,116.5742229163125,27,0.4683309457714556,3.849430980818947,0.48641723795345204,13,56.704,59.87022291631249
339.7143770996203,172246.45923484923,0.3157218610921313,118.4269976324507,18,0.42442364782249603,4.08977452607075,0.5921449509394916,8,70.126,48.3009976324507
337.7187877038813,110105.93780718552,0.3970107415255074,80.8432232428437,20,0.5595528776943314,4.151213068984892,0.5700808498018812,11,46.087,34.7562232428437
343.13731750172155,172618.2263049321,0.6968842496905057,83.97819308020672,20,0.4988263720042864,3.515073461471867,0.4314813998106472,10,36.235,47.74319308020672
344.8708670546442,183515.4746162829,0.4112937395471727,112.09915631818161,25,0.5754948916592864,2.9798539042108443,0.563312957044348,14,63.147,48.952156318181615
356.48525740465146,152976.7386482853,0.3429533334368377,85.74981790413368,18,0.5289769830820855,3.383580410211139,0.4307113261389421,10,36.933,48.81681790413368
330.2217788804732,107097.88414805123,0.4705479415230249,95.72414074934635,17,0.5442555481572714,1.653835136631495,0.5004941866541492,9,47.909,47.81514074934635
342.05325154605714,115654.17695457631,0.3350072583068685,111.21985754326154,25,0.6366363174019125,3.635214658014897,0.6269367069789189,16,69.728,41.491857543261546
355.6697035371163,186112.62400476137,0.4990112021899035,118.81894756081441,24,0.5849012408883267,3.866142009459955,0.353679696634036,14,42.024,76.7949475608144
355.1001170362666,176394.27252173857,0.5280881764267681,105.92731134027555,25,0.5759234411653562,4.499513075997457,0.4387905166667359,14,46.48,59.447311340275554
363.7522799366717,125106.79702680695,0.45487411008970957,82.67454661189669,18,0.42629803217538037,3.9533480573804263,0.5886648934003367,8,48.668,34.00654661189669
349.720699502104,118919.17939425341,0.4584041406291033,82.17016703868903,21,0.595211391234422,2.0675900301959436,0.6498391489371077,12,53.397,28.77316703868903
326.93937006018075,196657.12676334725,0.5613242872907906,85.23543985744948,22,0.6360981200157364,2.734828886821088,0.4747652327932771,14,40.467,44.76843985744948
348.5050706476991,171304.74170926103,0.5673327032863983,96.42549364218482,24,0.47709472265205255,2.9951280707909365,0.5628411729736282,11,54.272,42.15349364218482
326.1086714816298,170764.56006588455,0.5026578331084364,85.85484208991753,25,0.5862342755819261,2.022212886683165,0.4770412414367923,15,40.956,44.89884208991752
353.75700429501,102226.39304767361,0.35339757220005624,111.61793671308503,20,0.49437300919146576,2.8689892452535153,0.5298721550393606,10,59.143,52.47493671308503
361.8995694224332,127065.1301210983,0.6456047377820381,100.31690845521385,25,0.5182886512145077,2.047140355581331,0.45314657479695497,13,45.458,54.85890845521385
361.1604765346241,118741.71459074569,0.31810276543327487,94.22489308636194,17,0.467353970727851,3.7711234975511645,0.5300829113493104,8,49.947,44.27789308636194
345.0357747581432,140066.69917427638,0.44641361026277127,95.08705252477591,21,0.5048459918193645,2.9205247464779696,0.5643621108522183,11,53.664,41.42305252477591
360.4245426861782,190113.20153870413,0.42522541487544513,108.94395500229427,24,0.40612170313372226,1.5522634217549516,0.5925223637314245,10,64.552,44.39195500229427
321.10923951086096,130571.73308854635,0.5589871753019027,95.25806924850491,25,0.5311189771423662,1.9743372097913778,0.5153587713211057,13,49.092,46.16606924850491
335.3775310525454,119906.1594681822,0.6668806437578737,107.35719065511122,24,0.5140164497957863,2.2513025683549697,0.6216734393669068,12,66.741,40.616190655111225
321.3082604410734,115168.90571835771,0.3681212953967511,88.62178710825606,28,0.4004795458763104,2.9501651986275688,0.5860286501712959,11,51.935,36.686787108256055
345.9240033116299,160504.68132543284,0.5641753293163847,93.44491908328311,19,0.6047352663509117,1.8667399311674897,0.3994835254219564,11,37.33,56.11491908328311
322.3255229072183,166683.2731519795,0.3282005177106408,89.25697160991615,16,0.5004569968823828,1.568982750378118,0.5524968338466242,8,49.314,39.94297160991615
321.64173556506853,154531.52665235993,0.6369704868948399,90.40694769997222,20,0.39875808606937885,3.9019321688847297,0.3862861457004324,8,34.923,55.48394769997222
353.38114697661257,109062.0609137687,0.5000314989714969,119.9422530934213,28,0.5300094888410312,2.3798876959545643,0.6322170658682442,15,75.83,44.1122530934213
364.0526067262362,129153.98881680654,0.5903249537407937,85.96701000685623,27,0.6012295692136841,2.6232732428961665,0.5621703301023319,16,48.328,37.639010006856225
355.902002146011,133516.0353867818,0.3421589437138699,93.61838455091697,19,0.38983618229587064,4.07604911538964,0.5769022427545486,7,54.009,39.60938455091697
329.7975549159118,121608.6018401811,0.603430465751529,100.83491814104244,21,0.4333668740259752,1.6359103446992314,0.3734809398608536,9,37.66,63.17491814104244
366.3969107162964,142295.56330895075,0.37844388136986334,114.63592954123641,26,0.5730454324302908,2.130800347007078,0.6003523592126243,15,68.822,45.813929541236405
332.51142948291414,173512.4872426084,0.5723749657961451,101.61765840451402,26,0.41046155221683966,1.5298369071990146,0.5666248908236147,11,57.579,44.03865840451402
347.52899831199454,139880.17216413608,0.40820480422184396,119.55747096650437,23,0.6263302806553259,2.288157364727378,0.39847907901476454,14,47.641,71.91647096650436
325.8111941304985,114781.95066953987,0.5621203491108384,104.193711256255,26,0.41421659225123986,2.6345826438742184,0.46764686149610046,11,48.726,55.467711256255
329.5667836952297,199966.621265498,0.5102305822692269,117.9927998887164,23,0.5059572172794891,4.008061061584771,0.4561555653899786,12,53.823,64.1697998887164
339.68674579190485,120502.04130556017,0.4939358078266056,106.97804662363446,17,0.5732706949578026,1.5801691948334116,0.5758867249442581,10,61.607,45.371046623634456
341.2287250306239,193596.50704043382,0.5957231489416761,117.24258780380399,18,0.4395220569621184,3.5204357773119845,0.5251078810721977,8,61.565,55.67758780380399
326.4753647758217,155232.71745554774,0.3085358389635218,100.42511601043952,26,0.46515335319984497,3.2714098535689313,0.5946154007201726,12,59.714,40.711116010439525
323.5783377635816,195324.9952983584,0.47367216270181334,103.57639846330301,23,0.4002260995316903,3.0806742864856416,0.5314268827816074,9,55.043,48.53339846330301
340.538966461121,197114.043123951,0.5534919361662259,83.62451676243306,23,0.4497904471266699,3.1195555766835676,0.3851318966945515,10,32.206,51.41851676243306
359.0590964867954,158934.08748870302,0.5270221056576825,86.20472298945616,27,0.5124577627538092,4.34502150053925,0.3574725210285563,14,30.816,55.388722989456156
359.4239578314815,150963.94107668847,0.5428006446196622,118.35042244884963,22,0.45350491245115226,4.31082805477135,0.6442388018218834,10,76.246,42.10442244884963
343.9262484862702,140978.17033629178,0.4339874500491824,112.0414726728635,26,0.4367038960517382,2.6611900767918337,0.45922268000687916,11,51.452,60.58947267286351
337.3549423536399,159902.25245767593,0.4238264671017553,89.91238499693304,24,0.5075408326033997,4.2973845445122105,0.50555992013432,12,45.456,44.45638499693304
349.19678509121974,132788.51387397572,0.4614765734996692,99.76471389721883,17,0.5494240164693815,2.7160425698270156,0.5548150632044214,9,55.351,44.41371389721883
362.1587741403536,138671.58444362733,0.5606154566997377,103.04753665176686,24,0.5133463441113723,2.6649016188515926,0.5282007028334271,12,54.43,48.61753665176686
340.3776054334406,107583.58178218326,0.6173996535306144,90.61897029342722,24,0.5258038864861125,2.7960583314774436,0.5482839360611826,13,49.685,40.93397029342722
369.53609727897356,161544.3848132005,0.5760536532332372,103.66369114981364,20,0.5991002977672031,1.6481807875401924,0.5429361145745117,12,56.283,47.38069114981364
329.9014378898488,198818.85103440215,0.5032751145513878,95.77612413241376,26,0.4272074899555597,4.4247163029527705,0.6298635335752628,11,60.326,35.450124132413755
328.7494497180643,112448.30312025851,0.3076733415818936,94.58006606741476,23,0.6084015938018322,3.737236644228649,0.6288867726739826,14,59.48,35.100066067414765
367.21494791210785,186689.47618048114,0.39501770577075773,87.85925271199821,27,0.47538730639314597,2.89010183125598,0.6342937991533273,13,55.729,32.13025271199821
338.5344127139017,149424.12262413162,0.631148042576632,94.31560520086418,26,0.40278696592657753,1.6089072473211834,0.6001067617284457,10,56.599,37.71660520086419
361.23934336648045,132418.54081767207,0.4580457187830145,111.8342562286112,16,0.43226416850914806,2.0939338999956947,0.5148928374945817,7,57.583,54.2512562286112
330.40960958112043,170486.40743551392,0.3318799683374014,84.86377676379126,24,0.6459651099066519,2.8464034391485202,0.4046281109720525,16,34.338,50.525776763791264
332.25059363963385,122184.84133813868,0.4012182136720193,109.09122669650667,21,0.4489724220503959,1.6778867250386094,0.6327731543913742,9,69.03,40.061226696506665
325.6981562197125,126893.8281204188,0.32428479247884007,87.39116767126606,16,0.5517136881706042,3.7877297650744834,0.43573832138231317,9,38.08,49.31116767126606
331.5524977555996,181132.66783428984,0.3382035471689524,110.31659585458826,20,0.5969270633589604,2.6195164180856727,0.5736939998112037,12,63.288,47.02859585458826
328.91755844573163,153242.7157359248,0.5174389213447578,108.64563416675462,27,0.6032450225163759,2.4962884272595147,0.5443927688821905,16,59.146,49.49963416675462
323.7236980703223,180665.58071965334,0.48087527822494575,114.7223431871043,24,0.5029531063160688,3.15690126481317,0.6358317030465146,12,72.944,41.7783431871043
350.63852632558115,130055.75500009439,0.3667425264187831,104.30771361767312,21,0.5539549896155891,3.1036213153977372,0.5372906129464251,12,56.044,48.26371361767312
354.05275313224354,147996.33497725864,0.31495022858166233,119.44244331330195,23,0.4319786068680198,2.818951155682602,0.44526825224467875,10,53.184,66.25844331330195
352.653607771389,187380.93412619797,0.37141268292339125,101.18278050014567,21,0.4343730796861942,2.9828896669034846,0.4122549802412113,9,41.713,59.46978050014567
362.93813393880635,156202.77157917715,0.5805936847926818,115.46456587275313,17,0.3607096410276542,2.975469586255796,0.5415954828845331,6,62.535,52.92956587275313
367.7660264052251,168409.9399023917,0.6988197555056931,81.93969834562849,18,0.4541989718734969,1.8249258035961182,0.4372879568526431,8,35.831,46.10869834562848
367.11572680311934,119787.80503372544,0.4216376198707519,104.34793643282258,19,0.4952689442070639,2.331064408855015,0.5695150166192162,9,59.428,44.91993643282258
361.9847309866159,193351.76517790608,0.3511621019946164,108.1370724988069,20,0.4079353535422296,3.0155138773680337,0.6316868741391868,8,68.309,39.828072498806904
359.97203636708974,181837.47619763622,0.6787084911147718,117.73010255976942,22,0.5695347998175174,4.163917335868236,0.3546510234512688,13,41.753,75.97710255976942
327.1543452677006,111706.77989589785,0.3321517579557812,87.32977298846457,17,0.4738438906445347,2.267869011650125,0.5188909199738924,8,45.315,42.01477298846457
327.8655168740601,109925.26036680171,0.6591197700812037,109.6973743547481,20,0.5317866387076222,2.780391763423132,0.40894169355962695,11,44.86,64.8373743547481
328.871519241135,188398.27590532723,0.6322941159593869,97.20566698941832,27,0.5887745923316008,2.517330373433838,0.35927180732745306,16,34.923,62.28266698941832
342.28532567667924,155924.58399136516,0.4944098820417948,98.6387015634926,26,0.5774944072269691,2.242056592423684,0.5099121208983469,15,50.297,48.341701563492606
365.5021954254212,128070.88305632152,0.5910952629502828,118.95586228066668,22,0.45604051435203496,1.9829756165606127,0.635545578940346,10,75.602,43.353862280666675
348.65763448794496,162714.643675776,0.5843980696050952,84.08230918785581,20,0.5740972728561776,1.9928428152491442,0.6011310485872678,11,50.544,33.538309187855816
344.57205126264296,130166.62193702949,0.616488088424902,105.63754213671518,16,0.5016881100231465,3.388191596179679,0.4651813582399581,8,49.141,56.496542136715185
334.060816229009,188119.4937999741,0.5258559720516737,116.86549428329873,28,0.3540419147430864,2.853868692995273,0.44639068360877215,10,52.168,64.69749428329874
352.3283248249836,127480.48439691965,0.41091096088091783,99.69179018247684,26,0.46387170150723317,4.002599452331138,0.3581944098223798,12,35.709,63.98279018247683
347.19610206224627,158064.19064579863,0.3655008495564473,113.58092268450274,18,0.5617215489119742,3.5591583346538758,0.6068378556271214,10,68.925,44.65592268450274
363.3393467899592,166507.6606134543,0.543429130712074,80.08057536341836,19,0.39970228606925434,2.594884996590514,0.46968005011410097,8,37.612,42.46857536341836
356.2822087511704,137516.40285616153,0.4167887002132185,85.12578652780367,28,0.6253762638749659,1.6013505033511508,0.4158558506310322,18,35.4,49.72578652780367
337.4726093831394,197625.32494659914,0.653376516150245,83.74456466108052,19,0.6293688993575864,4.065965953556383,0.4902032456698816,12,41.052,42.69256466108052
326.0910268722259,133488.07580368465,0.3438383085598748,96.97946804580667,18,0.5030428842949656,2.3369746838667735,0.6292809056865333,9,61.027,35.95246804580667
358.5685418430964,185440.71305178484,0.5937881946496538,110.41245821139341,24,0.5045393904510648,2.8333987465913566,0.6369161607627225,12,70.323,40.08945821139342
364.8691540377502,130349.41404314539,0.31432452679788825,92.80045846566694,27,0.3859440374568054,3.26006262211137,0.36077949235344303,10,33.481,59.31945846566693
324.1229813050556,150702.1233564106,0.6683180717975268,104.01145116864667,16,0.3942344456947755,2.061514934870444,0.4549745252283031,6,47.323,56.68845116864667
324.05517839124286,170147.81012443616,0.6140858119903185,111.72599178944061,23,0.6330377954176835,1.5846375412277023,0.6425444174211123,15,71.789,39.93699178944061
335.4672192279306,129446.87924706371,0.6884658053709096,81.33941021495559,17,0.5269089189601527,3.9818884203418623,0.41746052586837556,9,33.956,47.38341021495559
357.55865917556105,111819.30089554662,0.36059462259077185,86.64241827369352,20,0.4838194441844015,3.996971180671018,0.422514737644489,10,36.608,50.034418273693525
362.0473539909365,115895.35473884201,0.3577454181178982,105.31326702806534,19,0.5720422406167958,4.283308883680115,0.4168616825579172,11,43.901,61.41226702806534
351.2278959445333,159334.28624115745,0.622721715173435,118.49472790276295,25,0.371292654217336,1.8824486569311076,0.5068022453290779,9,60.053,58.44172790276295
358.98813226329213,198038.92290015717,0.5656842171346281,119.26512204640994,19,0.5188474190152081,3.1636916259801944,0.5363344063909039,10,63.966,55.29912204640994
336.7843708678039,102685.895702698,0.32080018773046853,86.28357183028452,24,0.49251057439722257,2.502465854168724,0.41834734437033705,12,36.097,50.186571830284514
363.0885980808665,126204.98708775263,0.5792420055639642,86.45482260420277,22,0.4139285298590991,2.0795030299195965,0.48728597287042424,9,42.128,44.326822604202775
341.31016246160607,123970.25974500075,0.5042357820724178,110.7946275457812,17,0.5980077617164539,3.9579659048545603,0.625006724364368,10,69.247,41.5476275457812
369.1905978797831,122253.99683017361,0.5210011884264855,89.52989862135794,28,0.36420790341866427,3.891789935014762,0.4246776964110039,10,38.021,51.50889862135794
326.7703131514493,125389.73452302892,0.50130489729541,86.37963605482982,22,0.487881824274428,1.8344286217526116,0.3892238285957406,11,33.621,52.758636054829815
324.6611846165422,113295.188587358,0.49317287549382205,91.45825115673249,25,0.5782474883044666,4.032202784247791,0.35328681193152917,14,32.311,59.14725115673249
347.30902024234825,179713.668707603,0.6063530250546798,110.68567209028245,25,0.4640079728525311,3.087249742253031,0.6157443287275239,12,68.154,42.531672090282456
347.4437990825287,109786.07263562434,0.3777987843517765,101.23938584020306,16,0.5480783829038729,3.8842263118970233,0.6208325364024481,9,62.853,38.386385840203054
326.524542970456,199439.0415054633,0.5985047569709784,98.07708558434537,27,0.41707023841412144,4.17683792465531,0.47981096138887797,11,47.058,51.01908558434537
352.4579777520968,198581.42763058026,0.3485287810992641,80.26369778443679,20,0.551543850232797,3.3066718274506344,0.6447414737902519,11,51.749,28.514697784436784
346.18002050693417,102056.71231690409,0.4320223438582953,86.82334524105927,28,0.4512154229087455,2.302205249135001,0.4723762858287859,13,41.013,45.810345241059274
360.9271518133098,145128.17936933503,0.48319611412977814,114.26164039297112,21,0.49354609817136363,2.3731701588562535,0.40610837285026347,10,46.403,67.85864039297113
323.2563863577351,153756.0315722958,0.3067826286286513,84.4455079234287,27,0.41066112795169935,3.588029943496057,0.42675275402607027,11,36.037,48.40850792342871
364.2615316527339,157336.73763226543,0.30131830362085954,92.61700215851613,18,0.4113415543679472,2.0550222675430243,0.5684484526506697,7,52.648,39.969002158516126
328.4967407556753,150451.9318891084,0.5156773811336557,97.11357781436767,22,0.503608382154154,3.5807462423550924,0.5094811293551528,11,49.478,47.63557781436767
323.6426359331204,164970.77003731197,0.3771356493622377,115.40986117774332,25,0.5233168516691346,3.915429644124951,0.5223861428909335,13,60.289,55.12086117774332
343.5131763559717,162430.5650434855,0.466745803520725,88.47446880439942,23,0.3931585171025203,3.235632714648009,0.47822716401876675,9,42.311,46.16346880439942
336.12762547098083,119665.44629963081,0.42970996175967335,108.57315758415112,27,0.5683857460961257,3.785662267122108,0.447887821896112,15,48.629,59.94415758415112
321.47652965109484,140686.79826072068,0.5884590046374559,82.41635795790171,26,0.5626996034956032,2.1780654483630006,0.47410992226595045,15,39.074,43.34235795790171
347.0169296061254,193279.88718770508,0.6484178809843416,104.40909321408536,21,0.4515888712283803,4.270420096306461,0.6053488551251831,9,63.204,41.20509321408536
322.2633418936501,184701.14318247532,0.39643021765588504,83.41384813184985,17,0.643849488265007,4.395809716518691,0.5809100351132396,11,48.456,34.95784813184984
323.31278956979963,107916.07173802167,0.6134929708595249,90.66449125326328,18,0.5082574785967686,4.169096396433976,0.6193948296457197,9,56.157,34.50749125326328
320.09527496611435,145183.6196964123,0.47921025093436664,105.43640957420189,22,0.6067568827004954,2.576447203050578,0.6279463548305431,13,66.208,39.22840957420189
322.66407956027325,189538.2920327888,0.6755238485182996,103.3607004297488,22,0.44288630523368766,3.749256444643479,0.61666684662806,10,63.739,39.621700429748806
349.540355490064,191357.59535028442,0.5705975413811035,101.28859668041639,25,0.46265163975015233,1.9646647355707456,0.49622155282454383,12,50.262,51.02659668041639
342.46702146204484,180081.08077873246,0.30425448327594634,117.3620327669399,22,0.4036775374559876,4.131077307480501,0.5143356277654858,9,60.363,56.999032766939905
332.4763298005473,137927.9709642347,0.6103461005558936,81.60548304565529,23,0.3828812115521498,1.723408072656368,0.5125418392749264,9,41.826,39.77948304565529
334.40997219003845,199264.73291342793,0.3335451033143129,99.54465223509715,27,0.419745590340356,2.221030812885064,0.4731689896620961,11,47.101,52.44365223509715
366.0413823704729,190858.26186407788,0.6194421810705361,80.32344227322953,27,0.5986013930789394,3.855377231746801,0.6477463275141542,16,52.029,28.294442273229528
332.80023326076616,143920.94716689523,0.695038075776397,119.79684497930685,28,0.40545705812929594,2.5377055557136545,0.49495743412620175,11,59.294,60.50284497930686
357.34170217379346,147192.06248681998,0.5970741328305853,85.38238271767979,22,0.5343258541067664,3.8362514361918922,0.5956774954024777,12,50.86,34.52238271767979
346.5393803571112,156957.72948907124,0.4837814747674195,92.51780801754735,24,0.6393925690662272,3.1434575515291687,0.44744463502973336,15,41.397,51.120808017547354
341.47782620123627,111047.64183192569,0.683338047317993,114.6725234981928,23,0.3887968451340735,4.227322499873032,0.5744815349877108,9,65.877,48.79552349819281
343.22766796690325,157467.17661525903,0.6421054140910012,110.63596962093692,25,0.5562841848862764,1.803759698740448,0.45083351381175424,14,49.878,60.75796962093692
346.8494846605141,136012.25429378077,0.6079153998900307,110.21293555803176,20,0.48656999432395365,1.6033649651638655,0.5205183770143238,10,57.368,52.84493555803176
330.38891792303014,166330.3809978191,0.4152327231493031,109.32782895400771,22,0.6158460183858453,4.1406980023105655,0.3652867151316746,14,39.936,69.3918289540077
348.9447746879656,114110.96289336713,0.3641444393955643,83.32011199692863,17,0.5247901910261306,4.200297022381184,0.3519025097057925,9,29.321,53.99911199692863
368.8722801859789,101906.5262944884,0.6624477188699694,103.92503498200962,19,0.6316146095529971,3.741224399635735,0.4817481407797407,12,50.066,53.85903498200962
335.18805515640713,183995.55581550844,0.42061381428265904,88.81306874028748,18,0.6306639808088512,2.036708315644067,0.369670921269153,11,32.832,55.981068740287476
320.2836793315282,128842.8295397009,0.3165055253832027,109.54990725713276,24,0.5221094041211389,3.7205193980411218,0.45325850601954626,13,49.654,59.895907257132755
333.1170912416664,181324.51572421964,0.49070388267402754,109.86886298720508,19,0.5557901106796423,3.7922514445250357,0.41984863774312065,11,46.128,63.74086298720508
369.72185341605973,169928.34342906123,0.6583900822288673,115.07922122720989,27,0.5351378064270131,2.1459616976750278,0.45545010434731414,14,52.413,62.66622122720989
335.6472455125503,109539.63885913149,0.3696240544935601,99.66616581537865,27,0.6246236237174453,4.370740144942585,0.5015004318458155,17,49.983,49.68316581537865
365.83562595345757,175143.7671505772,0.3061718231316049,93.7045782744596,22,0.6240425669163598,2.5592176816320205,0.4015814031269113,14,37.63,56.074578274459604
342.13823305394465,162172.2854014319,0.6866026146281295,84.75867403961256,17,0.5171623608492328,2.4117524818049603,0.38714002888653526,9,32.813,51.945674039612555
321.03450040757986,126389.32716162674,0.6863873574086693,90.91539332025388,28,0.4779039351031917,3.728728770592664,0.4906280504118895,13,44.606,46.30939332025388
332.9303275054725,144177.783010623,0.5423021683702377,100.725905424298,17,0.5240982801494254,2.903539557440642,0.507683223073037,9,51.137,49.588905424298005
360.2996105853619,144654.12858916246,0.5781325126186261,108.78672056708103,21,0.6443585774700967,1.8433940338038075,0.479064121816358,14,52.116,56.670720567081034
369.4347432748233,176293.44760978484,0.6909636873642321,106.48693453625341,28,0.4823558864963655,2.226344972284599,0.6200296010951183,14,66.025,40.46193453625341
325.0588796822951,196908.0392241337,0.6084346035213168,116.0997231568451,23,0.5977135057106472,2.7623148071787385,0.6198604686425342,14,71.966,44.13372315684511
354.23339477007306,163618.28615526552,0.30249068355349773,88.2544592491552,22,0.37953626294774306,2.1943731726825897,0.5897034441339128,8,52.044,36.21045924915521
335.08025179481365,166872.65411464238,0.6697415459067452,92.08782802652728,26,0.4466242422427643,1.9366299826102085,0.39564090542552277,12,36.434,55.65382802652728
363.4428786808648,159657.22059518876,0.6395517008832257,109.65259181146797,17,0.6150552113972135,1.7155054320632572,0.5411020610617117,10,59.333,50.31959181146797
369.3112238324286,184284.9895088637,0.6067832194937954,98.44571256653992,25,0.35527443359145683,1.8730623847368415,0.6456809702220312,9,63.565,34.88071256653993
347.7283377243273,133737.76695798122,0.3019401047663778,118.25096589000361,27,0.5444710296672542,3.3196235372424043,0.5493207501033429,15,64.958,53.292965890003615
335.73354202904727,184439.67420559702,0.5392055209098259,85.32638697163803,27,0.6321532521442892,3.171282779005728,0.3560438306001605,17,30.38,54.946386971638034
324.26055740704277,199691.0553014229,0.40071524611440723,111.9019379844747,25,0.5063620683663027,2.0136354954635083,0.5820524113890857,13,65.133,46.768937984474704
349.45083896657025,142806.82202267746,0.591283868705781,89.51439084543647,21,0.5591196359792646,1.7003143088971706,0.5261316345878551,12,47.096,42.41839084543647
330.06013551791466,165765.32434140204,0.36593440069699484,119.39992134311746,19,0.4707092988140251,2.449526112052573,0.46679517290349126,9,55.735,63.664921343117456
344.61994228824847,187003.78204047197,0.4662772062357006,100.03338540306154,17,0.489356496606844,2.842567288023848,0.3987971578854962,8,39.893,60.14038540306154
346.97448753439426,153916.57577828708,0.392041082825667,91.08949539692348,23,0.36080783325127763,2.160750894907169,0.643900480382166,8,58.653,32.43649539692348
341.7180341780465,146511.8053168769,0.42128535849304055,102.81034133013458,19,0.6106803557435972,4.377672815849504,0.3645126218321178,12,37.476,65.33434133013458
341.8290441596052,156490.56021017386,0.4288860125302323,111.98160415857451,25,0.46541431774139985,3.0481680339437895,0.571251646056016,12,63.97,48.011604158574514
320.47503296210664,177869.26990235466,0.5137115491557811,102.7818881967671,17,0.6308054765131987,4.469927154594468,0.3946661083456935,11,40.565,62.2168881967671
333.04877109572953,158594.50026026546,0.31891577476835775,97.16717269128807,23,0.4431555108610185,1.903291746544871,0.39311800200753266,10,38.198,58.96917269128807
365.1606542926012,175747.08519916516,0.45679783418105935,95.57609927435018,23,0.607199543684204,3.814367728864934,0.4703239775090581,14,44.952,50.624099274350186
320.38184768918904,118192.57845869665,0.49703464326294944,99.47397640378972,18,0.35849335483150063,3.508950132975075,0.4587411127996333,6,45.633,53.84097640378972
338.6639434889224,190175.37204796114,0.3894349816772757,101.74506703170437,24,0.5023802383911811,4.198648215967306,0.39996559264868936,12,40.695,61.050067031704366
333.61626165216944,160119.35700842686,0.6000943378324495,95.85619862367574,20,0.3633809428672527,2.7019550815962363,0.5986849440599931,7,57.388,38.46819862367574
350.13472127755085,133903.71370769778,0.35511958239886665,98.53473884177231,16,0.47723311689683356,1.7313284072040036,0.3879947933175943,8,38.231,60.30373884177231
320.81588799354955,174148.9261010421,0.31187057403376617,92.73603899154254,21,0.36677067477388947,3.475475456638887,0.46258716480728207,8,42.899,49.83703899154254
321.93514032085295,147798.15258851173,0.6661922061983306,113.82918229103969,23,0.5809380062853748,4.382173259759193,0.6173891534891603,13,70.277,43.552182291039685
328.6783366561794,190588.0064769545,0.5402505203473867,114.51686653661145,26,0.6143687514611351,3.150984822172384,0.3967549163552407,16,45.435,69.08186653661144
345.72601689059616,104879.57990288027,0.3809227214269697,100.67362682245519,24,0.36898802627033783,2.4379230886904515,0.45753776277009117,9,46.062,54.61162682245519
325.50017715188824,115437.01244332996,0.6599509567473811,113.31233136394152,27,0.36545314097386633,1.5460273205321655,0.582361382076111,10,65.989,47.32333136394152
336.4816191876121,136815.28865594068,0.6655640286060008,118.01014080509168,18,0.6211760321206294,4.433830246166171,0.5080647954221149,11,59.957,58.05314080509168
348.0717465598713,146005.68605474225,0.5732523166594552,82.32613499501518,27,0.5361925127789366,2.1596756741302885,0.37762648367948665,14,31.089,51.23713499501518
350.4019242532092,134136.5936219636,0.4484278300227491,109.02240052485382,24,0.5541581875417119,3.5386682757626344,0.43972927082350566,13,47.94,61.082400524853824
365.0537201062183,174378.7578779629,0.6898529242525326,113.7085465965168,19,0.3594377179523705,3.207769732441023,0.6163726026287379,7,70.087,43.621546596516794
325.2213058864188,150577.04780223622,0.35004940931432993,96.06037149880531,25,0.4528473068422586,2.398604681908778,0.4525614746890607,11,43.473,52.58737149880531
323.8232492584019,171112.6037571199,0.6564958115328805,91.32549453747873,24,0.5478074978624361,2.323451782732453,0.39683627309553227,13,36.241,55.08449453747873
365.33391318040754,108739.10773862971,0.44340176822148264,105.5633682104199,21,0.5608848301018564,3.1240936659911442,0.634937449870232,12,67.026,38.5373682104199
350.25851479944737,191292.15684450913,0.6548716468211556,94.67544530230292,25,0.39677826660137283,1.9282712495609884,0.4043253588880099,10,38.28,56.39544530230292
331.3979738871796,142521.9016674785,0.49190521179811614,118.62265646834149,17,0.5897592161987707,4.304825763639067,0.6463994060036442,10,76.678,41.94465646834149
343.8838130639371,131501.0846738001,0.4875602612805898,82.1336740103679,17,0.3756669060186952,3.5578546238754742,0.5654351798592379,6,46.441,35.692674010367895
341.5891691878811,143532.86442608974,0.3542827625387919,112.88149787808054,19,0.5854338260289778,2.562079810790889,0.4957469367384352,11,55.961,56.92049787808054
353.1025499107458,174896.28800552757,0.3563015427971504,113.88639331477577,26,0.5084412540029123,3.3651046336293584,0.49220175859335424,13,56.055,57.831393314775774
352.16208749389085,152705.31427271757,0.47522567461481324,87.19539191596968,19,0.6202593131687875,2.893773618726135,0.4417104894896682,12,38.515,48.68039191596968
366.8466612569169,114414.53206839897,0.6692350021540898,108.06760118575151,26,0.549887364325404,4.445793174043003,0.5199746827529355,14,56.192,51.87560118575151
346.3000609963486,140596.17323071833,0.5758711634537441,117.86606845592854,17,0.38804612600968647,2.707895999378634,0.49664711219113156,7,58.538,59.328068455928545
369.6634815296979,150130.19133888703,0.5499245644575889,81.74338902623249,22,0.6398708556697167,3.043999000285857,0.5837169250955637,14,47.715,34.02838902623249
321.76784158971304,165446.8003565675,0.6342042982937928,82.79910505975305,26,0.46326651064872276,2.8811107443438875,0.390098813070917,12,32.3,50.49910505975305
342.5716398850394,161434.20297105028,0.6053404754686866,84.3361319349792,23,0.4124748233098095,2.9570785327983136,0.5325339867941904,9,44.912,39.42413193497921
350.98520530866955,174558.94423861997,0.3859856971394651,112.69308951295545,27,0.41359291454709257,4.210512318050035,0.5102515879620312,11,57.502,55.19108951295545
339.2202737807728,188757.0112117754,0.5495193907831029,101.95262570051955,24,0.5380742349765366,3.700077270686619,0.610829920669854,13,62.276,39.676625700519544
330.94261546979754,102867.62216075504,0.3820246932504223,101.46793501879648,21,0.42204164343747386,2.6849656518032754,0.37650828321686935,9,38.204,63.26393501879648
349.2346094569379,178940.78131424973,0.32502709524720574,90.80999200823508,26,0.38703306970896717,2.1234029421428073,0.5386362496283299,10,48.914,41.89599200823508
360.59336471962297,177257.13073730905,0.36795143425231847,111.31608899287947,26,0.6052337556083399,3.4392548092148205,0.46590687156753685,16,51.863,59.45308899287947
341.9690456491862,168118.31382297273,0.6355495913919309,99.16216902542766,21,0.5118739477257059,3.126124540562479,0.48854115210374544,11,48.445,50.71716902542766
339.8170778858797,197317.2051569752,0.385404116202245,84.26034599994718,16,0.3657353492993307,4.250460088666542,0.5311335498089622,6,44.753,39.50734599994718
356.99204944369075,122490.62244959631,0.45096565127479693,93.36885585193862,26,0.36698108585316935,3.2683283636841995,0.449774633288587,10,41.995,51.37385585193862
360.7051852315485,154986.13066668698,0.6525390698863971,82.86122621876308,17,0.6177546004070876,2.583154544511448,0.4162575616363278,11,34.492,48.36922621876308
340.8685845111922,127347.31656314035,0.5349864530808498,95.45122557590064,21,0.47337320679608164,3.9432605641095866,0.5401613255405271,10,51.559,43.89222557590064
354.87461089120774,168575.9391425468,0.3360117083502654,117.78351211340858,18,0.3919970090208233,2.188894139987461,0.3754186752242161,7,44.218,73.56551211340857
321.86202806735184,142586.09326628095,0.3929882206246866,91.24420927417567,22,0.5270147574057042,3.297234115051791,0.3508144844672669,12,32.01,59.234209274175676
346.60813353849386,120813.57405544716,0.647290753669067,84.63219642345815,21,0.3705302971069665,3.6683123626844854,0.4931026791175085,8,41.732,42.900196423458155
352.0382652900074,101689.76916707237,0.5470275434317358,101.4184080524835,18,0.42893485935575293,2.446533144945085,0.40827031440071326,8,41.406,60.0124080524835
344.96260781597067,191623.27564020996,0.45967223913876076,102.38544456357786,22,0.45533092504263867,1.8899024573406438,0.5390215917785841,10,55.188,47.19744456357786
356.7184236388405,105129.20556146998,0.48170472650358515,109.36745541971156,23,0.63403342479295,2.2343471531447663,0.3840396201987136,15,42.001,67.36645541971157
363.9778047748553,128339.47040326147,0.6706725486432668,106.25752648071753,26,0.450610234773689,1.810768440897209,0.5951278314929273,12,63.237,43.02052648071753
362.24531865397597,162519.4681552954,0.5217001414765807,94.08671533349585,25,0.4280212512773382,2.877207000016986,0.42197151590154014,11,39.702,54.38471533349585
322.1916437967852,131047.82900342123,0.5949938503269816,96.86640475269111,21,0.3804827482469536,2.2142437243661086,0.5271434966958073,8,51.062,45.80440475269111
359.5359054327875,182302.43765822635,0.4349348205410727,102.26828583695534,16,0.6386373767404784,2.1101892399602367,0.5022468880926239,10,51.364,50.904285836955346
327.7288837201806,198686.34984548963,0.44523896086532533,88.74940430122473,19,0.5667960030155588,1.564376335828829,0.5568362984139941,11,49.419,39.33040430122473
368.3837820065056,141913.50537240063,0.582934999151751,100.36366567906381,27,0.5388841954783048,3.6747495685700207,0.5509226735571977,15,55.293,45.070665679063815
356.6311102992011,124820.71203471102,0.6572585635026684,118.08791157494795,19,0.3529742254235746,4.447671786734917,0.4419433870562111,7,52.188,65.89991157494795
355.7156941759034,108221.03703116777,0.5113784743560345,117.64987690137627,23,0.373296185647194,3.4860239054693847,0.39556180184640866,9,46.538,71.11187690137628
366.1172991985392,197900.29577315593,0.4170119356445905,90.10306263040626,18,0.37508972475808633,2.9939950522989918,0.566240882906574,7,51.02,39.08306263040625
357.7646141360677,124193.17057020403,0.3310510889967166,87.73346005500326,19,0.623565852078723,4.212503842471005,0.5856127383503877,12,51.378,36.35546005500326
357.10177693025264,127776.93217090599,0.49988594297413824,98.74280605576831,25,0.44198561175613693,4.409422853999914,0.38228686395281924,11,37.748,60.994806055768315
369.8923361338549,141070.47411460042,0.6256107271393208,100.10624123698736,19,0.420209248975074,3.709931930674969,0.5347758910564229,8,53.534,46.57224123698736
329.21329943991435,135591.93073939375,0.6335965091027882,81.07942126579513,21,0.466245601587683,2.571050920961683,0.5610957338673306,10,45.493,35.58642126579513
332.39423073283336,192879.50445476617,0.5146183912752309,93.85087404234062,21,0.4680270088593137,3.532829823194131,0.4435838865338441,10,41.631,52.21987404234062
330.5446568630113,175587.82035972335,0.4314816980152919,84.92895571621582,23,0.5581435404160183,1.721074177687664,0.48564092322826824,13,41.245,43.68395571621583
334.923849225218,124627.5474394389,0.5808666557724005,98.26804859063138,27,0.4799499775381505,3.3059783025312903,0.6181624573304924,13,60.746,37.52204859063138
357.4890512674299,147091.38199601436,0.5637186380873198,91.54389833543125,23,0.5404458720353932,2.747121382952658,0.4821512590387111,12,44.138,47.40589833543125
339.96451980808627,117110.43576263962,0.6509755291035737,109.25355195566873,22,0.4545128779080875,2.5094404416144354,0.4143826687817524,10,45.273,63.98055195566872
328.28609949214876,167672.52397791948,0.39945825923066935,87.02441298508148,17,0.5453098930153978,2.4873638996288623,0.6433327261019166,9,55.986,31.038412985081486
368.74816957241546,132091.87845749932,0.5598685972901966,85.10939629485802,22,0.43622908118573367,2.0978687740584236,0.6276067516362224,10,53.415,31.694396294858016
364.51017495548217,108910.54867739807,0.5472646720808534,83.25600600753377,26,0.4762662689283655,2.64992677804926,0.6255188558999056,12,52.078,31.178006007533767
360.31205765910886,138925.58761762248,0.5536229127807315,98.19575895949245,24,0.5843066146907934,1.6437761382455824,0.5847175993038422,14,57.417,40.77875895949245
357.88985649491457,166192.2184857939,0.653947746762396,118.71656198994825,25,0.47558233018543217,4.361569337441636,0.5585137502802515,12,66.305,52.41156198994824
344.36613043665795,146867.8385288398,0.5966489768817091,113.21892709650139,16,0.444115892154678,2.028241912684955,0.548843142497915,7,62.139,51.079927096501386
366.6358339594637,132958.24602927355,0.46743670488771627,106.81441511134514,17,0.38327998484749115,2.1700570379852193,0.5011368454437302,7,53.529,53.28541511134514
354.5335359809074,191112.61707258108,0.4333794919591333,98.71246161084431,18,0.47261676145226156,3.6622291402187703,0.5909473670522026,9,58.334,40.37846161084431
324.79098280235104,123737.37365758674,0.3837178041025133,104.66236326777152,19,0.37850506053959776,3.49507810750617,0.35662022186764375,7,37.325,67.33736326777152
336.9243705778297,118396.3710837432,0.42841662190968877,105.9178816718956,16,0.3504084956169396,3.8804643655087157,0.5348003546447674,6,56.645,49.2728816718956
325.92813103284954,196043.65275933937,0.5391504916183795,106.39795987488318,23,0.4153570612999628,1.6863996698589303,0.4328378560759864,10,46.053,60.34495987488319
343.7453945933252,133174.006306889,0.4181664844787798,85.03488219660734,17,0.5323389284067506,1.7394866541538896,0.42721326613447747,9,36.328,48.70688219660734
320.1987534340162,181560.7930712305,0.5506338552719359,95.93589208548624,16,0.4580918754781316,3.4595609867773973,0.5600907367489637,7,53.733,42.20289208548625
352.94935266895016,131278.18382013953,0.4728446834826716,119.89800233009304,22,0.42125439557422695,4.083799874632455,0.3725891901900264,9,44.673,75.22500233009303
346.24753324905566,121280.41490983022,0.3693661294183122,93.31833835136327,22,0.545706936164376,2.201054390920269,0.40573789383901393,12,37.863,55.45533835136327
352.84970047467624,101389.75298494918,0.5977635798391274,85.63283001176758,20,0.46916437396486343,4.055802793978401,0.647530340415259,9,55.45,30.182830011767578
363.6961277398771,149018.78297057847,0.31320360692698507,111.57149460130745,16,0.5819116345109043,3.9259323431888165,0.40719982270186195,9,45.432,66.13949460130745
347.86819358528913,134806.1745772345,0.5323318817426869,104.91228540256873,19,0.3630018092685347,3.679835729920883,0.5830115535062743,7,61.165,43.74728540256873
344.48649491953205,178599.16038504607,0.3864858351370315,91.99709554591165,17,0.4195020931057615,1.8209565082052297,0.4019453981426462,7,36.978,55.01909554591165
331.79898706626585,169230.09641446537,0.5180360598181325,107.04365853785916,21,0.4082802345359504,2.736465662556026,0.40366590055017754,9,43.21,63.83365853785916
323.4797322212132,165131.16641927394,0.3747608175467764,107.20443762673179,21,0.4590388918114161,4.241170277991035,0.571580819858788,10,61.276,45.928437626731785
366.20258903810196,189732.20635687775,0.6242076437161774,96.72584557099523,27,0.4981338979729363,2.071848257409302,0.4876112219744625,13,47.165,49.560845570995234
360.89311725846835,186218.17666986297,0.49558126092172405,80.56742421013307,26,0.3891124953385699,1.9109046066225335,0.4008489736149503,10,32.295,48.27242421013307
341.6494024496089,143143.30487459083,0.4186729230812212,105.10928182246168,24,0.3625673708154999,2.020202925058352,0.4116607517235981,9,43.269,61.840281822461684
367.93799684572883,129785.47764238235,0.4479541576363676,97.77197730518756,20,0.41219463855542715,2.366045975604178,0.5033584321809779,8,49.214,48.55797730518756
360.084580911781,192199.0184716966,0.6959309122603987,105.12972222756832,27,0.5103070321177932,3.4526248312754637,0.5278654408453247,14,55.494,49.63572222756832
349.6015392623399,180610.7766015118,0.5487392413072758,103.7150447261119,22,0.6300065967363152,3.4079574878749805,0.46124225635427124,14,47.838,55.8770447261119
333.77359662977244,164439.9261155142,0.6239676544548856,81.25085107388195,18,0.5837979975154416,3.0259255547392825,0.5889460718219589,11,47.852,33.39885107388195
322.567189919081,170827.39920094537,0.3338464962722664,102.11526062170392,23,0.6031789455404464,1.8480548049353636,0.43473062964589787,14,44.393,57.722260621703924
330.6062434741227,146537.43046250942,0.5743836456134859,94.01665221681671,16,0.5787262650775996,4.15795970529502,0.38882708041927966,9,36.556,57.46065221681671
348.1248676224209,184055.49734736947,0.5195042283190282,89.4158995048443,23,0.5618199416218148,1.7613647269245947,0.46193172466985366,13,41.304,48.1118995048443
330.74476672497593,186894.08471381982,0.604357862748322,115.8854131661786,19,0.369254569388121,4.038407338441107,0.5182614222765023,7,60.059,55.8264131661786
351.4557851442535,134537.97087439743,0.4497293411269633,101.87496142063469,28,0.3843501623895672,2.1739416373396963,0.41915231986656243,11,42.701,59.17396142063469
349.0791354667444,176614.34578314525,0.4779293851563159,97.75980176553144,18,0.6412339852949331,2.1532251820098107,0.5511101857564544,12,53.876,43.88380176553144
326.32829430335596,167287.59958509746,0.5276863660305104,82.5716637994644,23,0.45945769450823265,3.6179961461778007,0.6412130761311933,11,52.946,29.625663799464405
348.8281824207872,141669.8309667208,0.3764027529463651,94.89520508210306,22,0.35343315557616795,3.6422455599715198,0.5451756396834828,8,51.735,43.16020508210306
324.40120610710875,155601.92157923433,0.3296648722217519,95.29957027670197,25,0.5412966976017902,3.9387398914954574,0.4485407740865634,14,42.746,52.55357027670197
358.44791428412947,147333.55300800916,0.5463122752806466,80.44952477215611,20,0.5255406048224786,4.06134848071307,0.3505078830235732,11,28.198,52.25152477215611
336.01623827071444,172078.0567664466,0.48636102205859777,111.1986806992818,24,0.5767013727644453,1.5197692443240047,0.37292280592248334,14,41.469,69.7296806992818
327.2771703291543,103181.63387992758,0.6206764442852117,97.33571338787245,24,0.5674735411451106,3.570684667829135,0.4338648513174923,14,42.231,55.104713387872444
322.86699756567515,151753.65759547555,0.6812159359398443,106.56018816262531,23,0.44128882097863903,3.5948179077634688,0.4846680808210773,10,51.646,54.91418816262531
331.9655962831741,138324.33072831872,0.4749660258361547,88.97607140412481,27,0.3860444946926735,2.342263851933864,0.3628914084001312,10,32.289,56.68707140412481
338.32889306460225,145826.6488294697,0.4424763949196644,96.14524432312905,23,0.4971126856688893,3.702835599828811,0.6395102553005774,11,61.486,34.65924432312905
366.71627984506625,105606.15813460604,0.5649904414571487,106.78876398732888,27,0.40673256040198413,2.8300660816911396,0.5165677897306254,11,55.164,51.624763987328876
355.3179895255216,118049.09501268575,0.4418037750622763,112.55410303447107,21,0.5829247860543021,1.923589807346985,0.3873665133060995,12,43.6,68.95410303447107
322.0084861596255,144781.329294669,0.3828876427916824,104.8412629188576,18,0.3522244432460905,1.9391767035581466,0.5256031573144635,6,55.105,49.7362629188576
348.2194009417614,105846.91993250474,0.5551644821624715,108.32018596421041,21,0.4904702914979203,2.3882923203143602,0.5969370102143513,10,64.66,43.66018596421041
337.071316444532,114324.43956723322,0.5075990326931692,89.98239613436188,25,0.6001975981025344,3.2511408195735414,0.4278521144881499,15,38.499,51.483396134361875
332.7801043288407,185154.192625541,0.460275161915951,82.53379903373495,27,0.5210658452398123,2.210384659406846,0.41378328032522815,14,34.151,48.38279903373495
337.96344967017785,195232.07561341466,0.67494353275004,97.84285738810367,21,0.5922334933283396,2.2592945083970273,0.4934986921775414,12,48.285,49.55785738810367
365.6331556429294,151933.30516188208,0.5240918696986929,81.46620483422265,20,0.4884861391176736,2.9093616679019254,0.5990209147297656,10,48.8,32.666204834222654
324.54011416298994,107360.81487920495,0.6875287833432718,104.63505504311426,20,0.6114700126786614,3.6911727239620924,0.5554793729340418,12,58.123,46.512055043114266
347.2723427986343,187363.63806671443,0.40654733331573867,104.14588318868246,21,0.39814647336150444,3.447899740665762,0.576566399596645,8,60.047,44.098883188682464
345.4752932412719,169043.84112722916,0.32696213637911475,92.06318459441992,23,0.38527811025489955,3.760094068675169,0.35175023826627905,9,32.383,59.68018459441992
326.28414699708804,117425.39461346177,0.6496964265155281,86.95541674026222,20,0.452054992594675,3.82265991195504,0.5115923295000224,9,44.486,42.469416740262226
364.9759526445905,148211.45038577565,0.3446310232044496,91.18971291926998,23,0.5824545070369578,4.263840403947212,0.5356335052697204,13,48.844,42.34571291926998
356.17037452646207,118623.5463983464,0.4849674611266843,99.2897348215285,28,0.42285709051919285,3.6403310262966464,0.5053679992149755,12,50.178,49.1117348215285
344.12621428186395,183388.85246258334,0.48445942998100244,94.36103636052967,28,0.514943266789602,1.6959119219119736,0.5528286284554698,14,52.165,42.19603636052967
362.8384864410012,108354.32869142469,0.4079688713433806,113.07197813748871,18,0.49487447355737146,2.9654882969503698,0.6149458487910231,9,69.533,43.53897813748871
346.47005885051834,131707.54872145609,0.6895801776998707,111.00559787442836,23,0.5964535623327241,2.270555666965309,0.40958941650819214,14,45.467,65.53859787442836
362.7939170132499,160894.4856408352,0.5925349785652643,103.22639254606811,28,0.5637594829590691,2.9107944128065606,0.638744976634041,16,65.935,37.29139254606811
364.40077527926866,113609.1768430858,0.692918256643994,115.7734106913228,21,0.35431891891000644,1.7823919006327955,0.5243148755728843,7,60.702,55.0714106913228
326.83617129760876,141285.42664594762,0.5713191704102463,82.28549123177028,26,0.4449203872549657,3.4622286833917886,0.5640506475804455,12,46.413,35.87249123177028
354.9290380490114,160972.67193713927,0.6280509772057563,112.16744780655556,24,0.6100525080884817,2.476996252629575,0.6242150223785458,15,70.017,42.15044780655556
331.27449825372963,102366.07330728864,0.34736336399615575,105.0047027596311,20,0.5868866237694682,3.5468610239945906,0.46729354610795093,12,49.068,55.9367027596311
351.19098630179616,153481.24620705022,0.338999863157756,107.36988841993993,20,0.5490798375019459,3.68949084933867,0.3556930813180174,11,38.191,69.17888841993992
343.4549262412182,112228.32854826257,0.6772283179302455,102.05249472248605,27,0.6216331119527181,2.6404329125890333,0.5755009528387474,17,58.731,43.321494722486044
343.0011823575443,121192.83244551782,0.323129287811666,87.26010476953697,19,0.48272598213850165,3.6089246825247536,0.6077978080286799,9,53.037,34.22310476953697
335.53379503953687,147577.7919081037,0.5688481023286178,108.40309915866013,25,0.6369093104436535,2.413245449397989,0.6401052178803801,16,69.389,39.01409915866013
365.72955417119664,196432.25558483365,0.34579358313347974,87.76305335942462,26,0.5192983305292449,2.7184021198401043,0.42846428666611874,14,37.603,50.160053359424616
341.1475188812391,136270.1871792049,0.4640318191963816,90.78976940925182,20,0.39578111321530945,1.5946706490036844,0.36660513762281927,8,33.284,57.50576940925182
349.89767089399953,164841.40249626822,0.5059501364044657,88.02775279469566,22,0.37413298371753306,3.231508311517567,0.3708359055702553,8,32.644,55.38375279469566
339.5984419299958,176079.87160382856,0.5165500897502383,115.98574345148157,24,0.4303055314348009,1.6160034026785945,0.6034222487501164,10,69.988,45.99774345148157
322.4064316360602,128599.13148769274,0.5339457951065271,103.82899549220055,17,0.5371630429634515,1.899414690615535,0.6227658448226316,9,64.661,39.167995492200546
324.8572186190637,175078.67635500478,0.3978513356419009,81.3727244426161,20,0.43362334874252545,1.766769931204002,0.6085813494919952,9,49.522,31.850724442616105
325.72770660013083,116808.09761687418,0.3101834071594689,116.53377263689173,19,0.6352253826529297,3.0751445253920546,0.44562744695617496,12,51.931,64.60277263689173
356.05862576750144,149977.65952838337,0.48936775259463383,112.60481173595267,20,0.3703760348449481,4.231229835556222,0.3816302122754832,7,42.973,69.63181173595267
339.03174402065673,188229.5081591479,0.46987789756068693,90.51134968669953,26,0.38389499350238276,2.347606085306908,0.42577673040125924,10,38.538,51.973349686699535
367.07637324227215,113110.08959263648,0.5748607863214744,115.25778416556294,24,0.401965423631643,2.55237681263437,0.590468065974359,10,68.056,47.20178416556294
347.91957081341235,136959.00219999114,0.47143500471065336,94.47348460150073,19,0.5647830682806936,1.7539445400491065,0.5039937739538017,11,47.614,46.85948460150073
357.9050747185894,198357.2340862484,0.6763489552815858,84.21940899394443,21,0.6491197745899201,2.673776230430966,0.4980777863905519,14,41.948,42.271408993944426
351.8888478656029,169781.79185291365,0.5064007679859955,109.16701514185142,19,0.5942282427256245,2.657880120454621,0.4391488483246673,11,47.941,61.22601514185142
359.7282522414029,167059.40383912323,0.5106296909668543,93.242909939608,26,0.63857640837018,4.242078646784773,0.42929036506897494,17,40.028,53.214909939608
352.2071069982874,179425.32066210435,0.46388603354217256,115.14693477765019,22,0.4174860992235534,2.4304522849291006,0.49182795145600805,9,56.632,58.51493477765019
356.56889361648956,151570.29686509093,0.6798932033319265,93.58461487677795,24,0.6087138251952732,4.045770759192168,0.4684817929894335,15,43.843,49.741614876777945
367.5625632166373,120336.0226518045,0.5233496757218433,116.24950134274627,27,0.5421080689269082,2.630932164279524,0.5573152819464873,15,64.788,51.461501342746274
356.3134568144378,163216.64910367818,0.4924832698567674,87.65560709237721,27,0.5800730899797863,3.332037233128137,0.6101416986139343,16,53.482,34.17360709237721
368.07821627081165,152464.9287189826,0.5125231993062096,117.04616452641278,23,0.4216639655142582,4.1067803094388236,0.4491028112912438,10,52.566,64.48016452641278
358.68611486132494,164100.07389892475,0.31237485746226235,92.99311124928686,18,0.44777838505589823,1.8930174560291604,0.3702418702023938,8,34.43,58.563111249286855
367.86573118196225,167901.1997994004,0.6148018422964208,96.6325425429866,19,0.5160886053826296,3.0048546891205667,0.46063501954581715,10,44.512,52.1205425429866
343.6822185535954,148514.99267181673,0.47263219147150926,86.15270948436589,17,0.522622803454354,1.9894474642209976,0.4850245841695925,9,41.786,44.366709484365884
346.0055630780842,112630.21115190357,0.4695448488386139,119.07253278996708,26,0.5630318502629457,4.07336398504488,0.4757624196181458,15,56.65,62.422532789967086
334.6684463254097,171950.6981581023,0.6010441613510009,93.81809213085118,20,0.3511457846739791,2.727012194647328,0.43690509928180876,7,40.99,52.82809213085118
358.15679095764204,139187.91141246792,0.6616369200880399,97.42840139734423,24,0.4278818121048086,2.7775418291791643,0.6408786148286948,10,62.44,34.988401397344234
361.49452258926095,106625.93992644107,0.4052052126737894,87.9478547583154,17,0.5429353888256574,3.56651251786288,0.43265946459427335,9,38.051,49.8968547583154
368.2627921588484,178079.97338845808,0.6126238951358135,106.12265976592649,27,0.3680022409622365,1.7761222699132544,0.5963461481682198,10,63.286,42.836659765926484
356.89193196215854,121982.89278215884,0.3198098284997032,109.51886987400721,17,0.43912808483897053,3.801962025217174,0.4428917877670193,7,48.505,61.013869874007206
